Date,AAPL,NVDA,TSLA
2021-03-05,118.26,12.43,199.32
2021-03-08,113.33,11.56,187.67
2021-03-09,117.94,12.49,224.53
2021-03-10,116.86,12.44,222.69
2021-03-11,118.79,12.96,233.2
2021-03-12,117.88,12.82,231.24
2021-03-15,120.77,13.16,235.98
2021-03-16,122.3,13.26,225.63
2021-03-17,121.52,13.31,233.94
2021-03-18,117.4,12.69,217.72
2021-03-19,116.87,12.81,218.29
2021-03-22,120.18,13.15,223.33
2021-03-23,119.35,13.04,220.72
2021-03-24,116.97,12.61,210.09
2021-03-25,117.45,12.5,213.46
2021-03-26,118.06,12.81,206.24
2021-03-29,118.23,12.92,203.76
2021-03-30,116.78,12.84,211.87
2021-03-31,118.97,13.32,222.64
2021-04-01,119.8,13.78,220.58
2021-04-05,122.63,13.95,230.35
2021-04-06,122.93,13.83,230.54
2021-04-07,124.57,14.11,223.66
2021-04-08,126.97,14.28,227.93
2021-04-09,129.54,14.36,225.67
2021-04-12,127.83,15.17,233.99
2021-04-13,130.93,15.64,254.11
2021-04-14,128.6,15.24,244.08
2021-04-15,131.0,16.1,246.28
2021-04-16,130.67,15.87,246.59
2021-04-19,131.33,15.32,238.21
2021-04-20,129.65,15.13,239.66
2021-04-21,130.03,15.32,248.04
2021-04-22,128.51,14.81,239.9
2021-04-23,130.83,15.23,243.13
2021-04-26,131.22,15.44,246.07
2021-04-27,130.9,15.34,234.91
2021-04-28,130.11,15.24,231.47
2021-04-29,130.01,15.29,225.67
2021-04-30,128.04,14.97,236.48
2021-05-03,129.09,14.8,228.3
2021-05-04,124.53,14.32,224.53
2021-05-05,124.77,14.42,223.65
2021-05-06,126.37,14.49,221.18
2021-05-07,127.04,14.78,224.12
2021-05-10,123.76,14.23,209.68
2021-05-11,122.84,14.27,205.73
2021-05-12,119.78,13.72,196.63
2021-05-13,121.93,13.63,190.56
2021-05-14,124.35,14.21,196.58
2021-05-17,123.2,14.13,192.28
2021-05-18,121.81,13.98,192.62
2021-05-19,121.65,14.03,187.82
2021-05-20,124.21,14.58,195.59
2021-05-21,122.38,14.95,193.63
2021-05-24,124.01,15.57,202.15
2021-05-25,123.81,15.61,201.56
2021-05-26,123.76,15.66,206.38
2021-05-27,122.23,15.45,210.28
2021-05-28,121.58,16.2,208.41
2021-06-01,121.25,16.22,207.97
2021-06-02,122.01,16.74,201.71
2021-06-03,120.53,16.93,190.95
2021-06-04,122.82,17.54,199.68
2021-06-07,122.83,17.58,201.71
2021-06-08,123.65,17.41,201.2
2021-06-09,124.03,17.32,199.59
2021-06-10,123.04,17.39,203.37
2021-06-11,124.25,17.79,203.3
2021-06-14,127.3,17.98,205.9
2021-06-15,126.48,17.75,199.79
2021-06-16,126.98,17.77,201.62
2021-06-17,128.58,18.62,205.53
2021-06-18,127.28,18.6,207.77
2021-06-21,129.08,18.39,206.94
2021-06-22,130.72,18.84,207.9
2021-06-23,130.44,19.01,218.86
2021-06-24,130.16,19.16,226.61
2021-06-25,129.87,18.99,223.96
2021-06-28,131.5,19.94,229.57
2021-06-29,133.01,19.98,226.92
2021-06-30,133.63,19.96,226.57
2021-07-01,133.93,20.17,225.97
2021-07-02,136.55,20.44,226.3
2021-07-06,138.56,20.65,219.86
2021-07-07,141.05,20.33,214.88
2021-07-08,139.75,19.86,217.6
2021-07-09,141.58,20.01,218.98
2021-07-12,140.98,20.47,228.57
2021-07-13,142.09,20.2,222.85
2021-07-14,145.52,19.8,217.79
2021-07-15,144.86,18.92,216.87
2021-07-16,142.83,18.12,214.74
2021-07-19,138.98,18.74,215.41
2021-07-20,142.59,18.57,220.17
2021-07-21,141.86,19.37,218.43
2021-07-22,143.23,19.55,216.42
2021-07-23,144.94,19.51,214.46
2021-07-26,145.36,19.25,219.21
2021-07-27,143.2,19.17,214.93
2021-07-28,141.45,19.46,215.66
2021-07-29,142.09,19.62,225.78
2021-07-30,142.31,19.46,229.07
2021-08-02,141.98,19.71,236.56
2021-08-03,143.77,19.77,236.58
2021-08-04,143.37,20.23,236.97
2021-08-05,143.48,20.59,238.21
2021-08-06,142.8,20.32,233.03
2021-08-09,142.75,20.25,237.92
2021-08-10,142.27,19.89,236.66
2021-08-11,142.52,19.66,235.94
2021-08-12,145.48,19.86,240.75
2021-08-13,145.69,20.14,239.06
2021-08-16,147.66,19.91,228.72
2021-08-17,146.75,19.41,221.9
2021-08-18,143.01,19.0,229.66
2021-08-19,143.34,19.75,224.49
2021-08-20,144.8,20.77,226.75
2021-08-23,146.28,21.91,235.43
2021-08-24,146.2,21.74,236.16
2021-08-25,144.96,22.16,237.07
2021-08-26,144.16,22.02,233.72
2021-08-27,145.2,22.59,237.31
2021-08-30,149.62,22.64,243.64
2021-08-31,148.35,22.34,245.24
2021-09-01,149.02,22.39,244.7
2021-09-02,150.13,22.35,244.13
2021-09-03,150.77,22.8,244.52
2021-09-07,153.1,22.62,250.97
2021-09-08,151.56,22.29,251.29
2021-09-09,150.54,22.13,251.62
2021-09-10,145.56,22.43,245.42
2021-09-13,146.13,22.11,247.67
2021-09-14,144.73,22.2,248.16
2021-09-15,145.62,22.3,251.94
2021-09-16,145.38,22.2,252.33
2021-09-17,142.72,21.85,253.16
2021-09-20,139.67,21.07,243.39
2021-09-21,140.15,21.2,246.46
2021-09-22,142.51,21.9,250.65
2021-09-23,143.47,22.44,251.21
2021-09-24,143.56,22.04,258.13
2021-09-27,142.04,21.62,263.79
2021-09-28,138.66,20.66,259.19
2021-09-29,139.56,20.47,260.44
2021-09-30,138.26,20.67,258.49
2021-10-01,139.38,20.7,258.41
2021-10-04,135.96,19.69,260.51
2021-10-05,137.88,20.41,260.2
2021-10-06,138.75,20.66,260.92
2021-10-07,140.01,21.03,264.54
2021-10-08,139.63,20.79,261.83
2021-10-11,139.54,20.65,263.98
2021-10-12,138.27,20.63,268.57
2021-10-13,137.68,20.9,270.36
2021-10-14,140.47,21.7,272.77
2021-10-15,141.52,21.82,281.01
2021-10-18,143.2,22.18,290.04
2021-10-19,145.36,22.24,288.09
2021-10-20,145.84,22.06,288.6
2021-10-21,146.06,22.65,298.0
2021-10-22,145.29,22.68,303.23
2021-10-25,145.24,23.12,341.62
2021-10-26,145.9,24.67,339.48
2021-10-27,145.44,24.4,345.95
2021-10-28,149.08,24.89,359.01
2021-10-29,146.37,25.51,371.33
2021-11-01,145.55,25.77,402.86
2021-11-02,146.59,26.35,390.67
2021-11-03,148.02,26.54,404.62
2021-11-04,147.5,29.74,409.97
2021-11-05,148.03,29.69,407.36
2021-11-08,147.21,30.74,387.65
2021-11-09,147.57,30.59,341.17
2021-11-10,144.75,29.4,355.98
2021-11-11,144.7,30.33,354.5
2021-11-12,146.77,30.33,344.47
2021-11-15,146.78,29.96,337.8
2021-11-16,147.76,30.14,351.58
2021-11-17,150.2,29.2,363.0
2021-11-18,154.48,31.61,365.46
2021-11-19,157.1,32.92,379.02
2021-11-22,157.56,31.89,385.62
2021-11-23,157.95,31.68,369.68
2021-11-24,158.46,32.61,372.0
2021-11-26,153.44,31.44,360.64
2021-11-29,156.8,33.31,379.0
2021-11-30,161.75,32.61,381.59
2021-12-01,161.23,31.37,365.0
2021-12-02,160.25,32.06,361.53
2021-12-03,158.37,30.63,338.32
2021-12-06,161.77,29.98,336.34
2021-12-07,167.51,32.36,350.58
2021-12-08,171.32,31.76,356.32
2021-12-09,170.81,30.43,334.6
2021-12-10,175.6,30.14,339.01
2021-12-13,171.97,28.11,322.14
2021-12-14,170.59,28.28,319.5
2021-12-15,175.45,30.4,325.33
2021-12-16,168.56,28.33,308.97
2021-12-17,167.47,27.75,310.86
2021-12-20,166.11,27.67,299.98
2021-12-21,169.28,29.02,312.84
2021-12-22,171.87,29.34,336.29
2021-12-23,172.5,29.58,355.67
2021-12-27,176.46,30.89,364.65
2021-12-28,175.44,30.26,362.82
2021-12-29,175.53,29.94,362.06
2021-12-30,174.38,29.53,356.78
2021-12-31,173.76,29.35,352.26
2022-01-03,178.1,30.06,399.93
2022-01-04,175.84,29.23,383.2
2022-01-05,171.17,27.55,362.71
2022-01-06,168.31,28.12,354.9
2022-01-07,168.47,27.19,342.32
2022-01-10,168.49,27.35,352.71
2022-01-11,171.32,27.76,354.8
2022-01-12,171.76,27.94,368.74
2022-01-13,168.49,26.52,343.85
2022-01-14,169.36,26.89,349.87
2022-01-18,166.16,25.85,343.5
2022-01-19,162.66,25.02,331.88
2022-01-20,160.98,24.1,332.09
2022-01-21,158.92,23.33,314.63
2022-01-24,158.15,23.33,310.0
2022-01-25,156.35,22.28,306.13
2022-01-26,156.26,22.73,312.47
2022-01-27,155.8,21.9,276.37
2022-01-28,166.67,22.8,282.12
2022-01-31,171.03,24.44,312.24
2022-02-01,170.86,24.59,310.42
2022-02-02,172.07,25.19,301.89
2022-02-03,169.19,23.9,297.05
2022-02-04,168.91,24.27,307.77
2022-02-07,168.19,24.68,302.45
2022-02-08,171.3,25.06,307.33
2022-02-09,172.72,26.65,310.67
2022-02-10,168.64,25.77,301.52
2022-02-11,165.23,23.9,286.67
2022-02-14,165.47,24.22,291.92
2022-02-15,169.3,26.44,307.48
2022-02-16,169.06,26.46,307.8
2022-02-17,165.47,24.46,292.12
2022-02-18,163.92,23.6,285.66
2022-02-22,161.0,23.34,273.84
2022-02-23,156.83,22.34,254.68
2022-02-24,159.45,23.7,266.92
2022-02-25,161.52,24.11,269.96
2022-02-28,161.78,24.34,290.14
2022-03-01,159.9,23.43,288.12
2022-03-02,163.19,24.18,293.3
2022-03-03,162.87,23.67,279.76
2022-03-04,159.87,22.9,279.43
2022-03-07,156.08,21.31,268.19
2022-03-08,154.26,21.48,274.8
2022-03-09,159.66,22.97,286.32
2022-03-10,155.32,22.62,279.43
2022-03-11,151.6,22.06,265.12
2022-03-14,147.58,21.29,255.46
2022-03-15,151.95,22.93,267.3
2022-03-16,156.36,24.45,280.08
2022-03-17,157.37,24.72,290.53
2022-03-18,160.67,26.41,301.8
2022-03-21,162.04,26.69,307.05
2022-03-22,165.41,26.48,331.33
2022-03-23,166.77,25.59,333.04
2022-03-24,170.55,28.1,337.97
2022-03-25,171.19,27.64,336.88
2022-03-28,172.05,28.17,363.95
2022-03-29,175.34,28.61,366.52
2022-03-30,174.18,27.64,364.66
2022-03-31,171.08,27.24,359.2
2022-04-01,170.79,26.66,361.53
2022-04-04,174.83,27.31,381.82
2022-04-05,171.52,25.89,363.75
2022-04-06,168.36,24.36,348.59
2022-04-07,168.66,24.17,352.42
2022-04-08,166.65,23.08,341.83
2022-04-11,162.4,21.88,325.31
2022-04-12,164.27,21.47,328.98
2022-04-13,166.96,22.16,340.79
2022-04-14,161.95,21.22,328.33
2022-04-18,161.73,21.74,334.76
2022-04-19,164.02,22.16,342.72
2022-04-20,163.85,21.44,325.73
2022-04-21,163.06,20.15,336.26
2022-04-22,158.52,19.48,335.02
2022-04-25,159.59,19.87,332.67
2022-04-26,153.63,18.75,292.14
2022-04-27,153.4,18.38,293.84
2022-04-28,160.33,19.75,292.5
2022-04-29,154.46,18.51,290.25
2022-05-02,154.77,19.5,300.98
2022-05-03,156.26,19.57,303.08
2022-05-04,162.66,20.3,317.54
2022-05-05,153.6,18.81,291.09
2022-05-06,154.33,18.64,288.55
2022-05-09,149.2,16.92,262.37
2022-05-10,151.61,17.56,266.68
2022-05-11,143.75,16.6,244.67
2022-05-12,139.88,16.15,242.67
2022-05-13,144.35,17.67,256.53
2022-05-16,142.81,17.23,241.46
2022-05-17,146.44,18.14,253.87
2022-05-18,138.18,16.91,236.6
2022-05-19,134.77,17.09,236.47
2022-05-20,135.01,16.66,221.3
2022-05-23,140.42,16.87,224.97
2022-05-24,137.72,16.13,209.39
2022-05-25,137.88,16.95,219.6
2022-05-26,141.08,17.82,235.91
2022-05-27,146.83,18.78,253.21
2022-05-31,146.05,18.64,252.75
2022-06-01,145.92,18.29,246.79
2022-06-02,148.37,19.56,258.33
2022-06-03,142.65,18.69,234.52
2022-06-06,143.4,18.75,238.28
2022-06-07,145.92,18.89,238.89
2022-06-08,145.18,18.62,241.87
2022-06-09,139.96,18.02,239.71
2022-06-10,134.56,16.95,232.23
2022-06-13,129.4,15.62,215.74
2022-06-14,130.27,15.81,220.89
2022-06-15,132.89,16.5,233.0
2022-06-16,127.62,15.58,213.1
2022-06-17,129.09,15.86,216.76
2022-06-21,133.32,16.54,237.04
2022-06-22,132.81,16.33,236.09
2022-06-23,135.67,16.2,235.07
2022-06-24,139.0,17.1,245.71
2022-06-27,139.0,16.84,244.92
2022-06-28,134.86,15.96,232.66
2022-06-29,136.62,15.52,228.49
2022-06-30,134.15,15.14,224.47
2022-07-01,136.32,14.5,227.26
2022-07-05,138.9,14.94,233.07
2022-07-06,140.24,15.11,231.73
2022-07-07,143.6,15.83,244.54
2022-07-08,144.28,15.81,250.76
2022-07-11,142.15,15.13,234.34
2022-07-12,143.12,15.06,233.07
2022-07-13,142.76,15.14,237.04
2022-07-14,145.68,15.35,238.31
2022-07-15,147.35,15.74,240.07
2022-07-18,144.31,16.08,240.55
2022-07-19,148.16,16.97,245.53
2022-07-20,150.17,17.78,247.5
2022-07-21,152.43,18.02,271.71
2022-07-22,151.2,17.29,272.24
2022-07-25,150.08,17.0,268.43
2022-07-26,148.75,16.51,258.86
2022-07-27,153.85,17.76,274.82
2022-07-28,154.4,17.96,280.9
2022-07-29,159.46,18.13,297.15
2022-08-01,158.48,18.41,297.28
2022-08-02,157.01,18.5,300.59
2022-08-03,163.01,18.86,307.4
2022-08-04,162.7,19.19,308.63
2022-08-05,162.47,18.96,288.17
2022-08-08,162.0,17.77,290.42
2022-08-09,162.05,17.06,283.33
2022-08-10,166.29,18.07,294.36
2022-08-11,165.56,17.91,286.63
2022-08-12,169.1,18.68,300.03
2022-08-15,170.17,19.0,309.32
2022-08-16,170.02,18.85,306.56
2022-08-17,171.51,18.31,304.0
2022-08-18,171.12,18.74,302.87
2022-08-19,168.53,17.82,296.67
2022-08-22,164.65,17.01,289.91
2022-08-23,164.32,17.15,296.45
2022-08-24,164.61,17.2,297.1
2022-08-25,167.07,17.89,296.07
2022-08-26,160.77,16.23,288.09
2022-08-29,158.57,15.78,284.82
2022-08-30,156.14,15.44,277.7
2022-08-31,154.48,15.07,275.61
2022-09-01,155.21,13.92,277.16
2022-09-02,153.1,13.63,270.21
2022-09-06,151.84,13.44,274.42
2022-09-07,153.24,13.7,283.7
2022-09-08,151.77,13.97,289.26
2022-09-09,154.63,14.37,299.68
2022-09-12,160.58,14.49,304.42
2022-09-13,151.16,13.11,292.13
2022-09-14,152.61,13.11,302.61
2022-09-15,149.72,12.91,303.75
2022-09-16,148.08,13.18,303.35
2022-09-19,151.79,13.37,309.07
2022-09-20,154.17,13.16,308.73
2022-09-21,151.04,13.24,300.8
2022-09-22,150.08,12.55,288.59
2022-09-23,147.81,12.5,275.33
2022-09-26,148.14,12.21,276.01
2022-09-27,149.12,12.4,282.94
2022-09-28,147.23,12.72,287.81
2022-09-29,140.0,12.2,268.21
2022-09-30,135.79,12.12,265.25
2022-10-03,139.97,12.5,242.4
2022-10-04,143.56,13.15,249.44
2022-10-05,143.85,13.19,240.81
2022-10-06,142.9,13.11,238.13
2022-10-07,137.65,12.06,223.07
2022-10-10,137.97,11.66,222.96
2022-10-11,136.56,11.57,216.5
2022-10-12,135.93,11.49,217.24
2022-10-13,140.5,11.94,221.72
2022-10-14,135.97,11.21,204.99
2022-10-17,139.93,11.87,219.35
2022-10-18,141.25,11.95,220.19
2022-10-19,141.35,12.04,222.04
2022-10-20,140.89,12.18,207.28
2022-10-21,144.71,12.45,214.44
2022-10-24,146.85,12.58,211.25
2022-10-25,149.69,13.24,222.42
2022-10-26,146.75,12.88,224.64
2022-10-27,142.28,13.16,225.09
2022-10-28,153.03,13.82,228.52
2022-10-31,150.67,13.48,227.54
2022-11-01,148.03,13.53,227.82
2022-11-02,142.5,13.2,214.98
2022-11-03,136.46,13.4,215.31
2022-11-04,136.2,14.14,207.47
2022-11-07,136.73,14.28,197.08
2022-11-08,137.3,14.58,191.3
2022-11-09,132.74,13.76,177.59
2022-11-10,144.55,15.73,190.72
2022-11-11,147.34,16.31,195.97
2022-11-14,145.94,16.27,190.95
2022-11-15,147.67,16.65,194.42
2022-11-16,146.44,15.89,186.92
2022-11-17,148.34,15.66,183.17
2022-11-18,148.9,15.39,180.19
2022-11-21,145.67,15.3,167.87
2022-11-22,147.81,16.02,169.91
2022-11-23,148.69,16.5,183.2
2022-11-25,145.77,16.25,182.86
2022-11-28,141.94,15.81,182.92
2022-11-29,138.94,15.62,180.83
2022-11-30,145.69,16.91,194.7
2022-12-01,145.97,17.12,194.7
2022-12-02,145.48,16.86,194.86
2022-12-05,144.32,16.59,182.45
2022-12-06,140.65,15.97,179.82
2022-12-07,138.72,16.1,174.04
2022-12-08,140.4,17.15,173.44
2022-12-09,139.92,16.98,179.05
2022-12-12,142.21,17.52,167.82
2022-12-13,143.17,18.05,160.95
2022-12-14,140.95,17.66,156.8
2022-12-15,134.35,16.94,157.67
2022-12-16,132.39,16.55,150.23
2022-12-19,130.28,16.24,149.87
2022-12-20,130.21,16.07,137.8
2022-12-21,133.31,16.48,137.57
2022-12-22,130.14,15.32,125.35
2022-12-23,129.78,15.19,123.15
2022-12-27,127.98,14.11,109.1
2022-12-28,124.05,14.02,112.71
2022-12-29,127.56,14.59,121.82
2022-12-30,127.88,14.6,123.18
2023-01-03,123.1,14.3,108.1
2023-01-04,124.37,14.73,113.64
2023-01-05,123.05,14.25,110.34
2023-01-06,127.57,14.84,113.06
2023-01-09,128.1,15.61,119.77
2023-01-10,128.67,15.89,118.85
2023-01-11,131.38,15.98,123.22
2023-01-12,131.3,16.49,123.56
2023-01-13,132.63,16.88,122.4
2023-01-17,133.79,17.68,131.49
2023-01-18,133.08,17.36,128.78
2023-01-19,133.14,16.75,127.17
2023-01-20,135.69,17.82,133.42
2023-01-23,138.88,19.17,143.75
2023-01-24,140.28,19.25,143.89
2023-01-25,139.62,19.3,144.43
2023-01-26,141.69,19.78,160.27
2023-01-27,143.63,20.34,177.9
2023-01-30,140.74,19.14,166.66
2023-01-31,142.01,19.52,173.22
2023-02-01,143.13,20.92,181.41
2023-02-02,148.44,21.69,188.27
2023-02-03,152.06,21.08,189.98
2023-02-06,149.34,21.07,194.76
2023-02-07,152.21,22.15,196.81
2023-02-08,149.52,22.18,201.29
2023-02-09,148.49,22.31,207.32
2023-02-10,148.85,21.24,196.89
2023-02-13,151.65,21.77,194.64
2023-02-14,151.01,22.95,209.25
2023-02-15,153.11,22.74,214.24
2023-02-16,151.51,21.98,202.04
2023-02-17,150.37,21.37,208.31
2023-02-21,146.36,20.63,197.37
2023-02-22,146.78,20.73,200.86
2023-02-23,147.27,23.64,202.07
2023-02-24,144.61,23.26,196.88
2023-02-27,145.81,23.48,207.63
2023-02-28,145.3,23.19,205.71
2023-03-01,143.23,22.68,202.77
2023-03-02,143.83,23.29,190.9
2023-03-03,148.87,23.87,197.79
2023-03-06,151.63,23.53,193.81
2023-03-07,149.44,23.27,187.71
2023-03-08,150.69,24.16,182.0
2023-03-09,148.44,23.42,172.92
2023-03-10,146.38,22.95,173.44
2023-03-13,148.32,22.95,174.48
2023-03-14,150.41,24.04,183.26
2023-03-15,150.81,24.21,180.45
2023-03-16,153.62,25.52,184.13
2023-03-17,152.79,25.7,180.13
2023-03-20,155.15,25.88,183.25
2023-03-21,157.01,26.18,197.58
2023-03-22,155.58,26.45,191.15
2023-03-23,156.66,27.17,192.22
2023-03-24,157.96,26.76,190.41
2023-03-27,156.02,26.51,191.81
2023-03-28,155.4,26.39,189.19
2023-03-29,158.47,26.96,193.88
2023-03-30,160.04,27.36,195.28
2023-03-31,162.55,27.75,207.46
2023-04-03,163.8,27.94,194.77
2023-04-04,163.26,27.43,192.58
2023-04-05,161.42,26.86,185.52
2023-04-06,162.31,27.01,185.06
2023-04-10,159.72,27.56,184.51
2023-04-11,158.5,27.15,186.79
2023-04-12,157.81,26.47,180.54
2023-04-13,163.2,26.44,185.9
2023-04-14,162.85,26.74,185.0
2023-04-17,162.87,26.98,187.04
2023-04-18,164.09,27.64,184.31
2023-04-19,165.24,27.91,180.59
2023-04-20,164.27,27.08,162.99
2023-04-21,162.66,27.1,165.08
2023-04-24,162.97,27.02,162.55
2023-04-25,161.43,26.22,160.67
2023-04-26,161.42,26.93,153.75
2023-04-27,166.01,27.2,160.19
2023-04-28,167.26,27.73,164.31
2023-05-01,167.17,28.89,161.83
2023-05-02,166.13,28.19,160.31
2023-05-03,165.06,27.78,160.61
2023-05-04,163.42,27.54,161.2
2023-05-05,171.09,28.66,170.06
2023-05-08,171.02,29.13,171.79
2023-05-09,169.32,28.55,169.15
2023-05-10,171.08,28.86,168.54
2023-05-11,171.27,28.55,172.08
2023-05-12,170.34,28.32,167.98
2023-05-15,169.85,28.93,166.35
2023-05-16,169.85,29.19,166.52
2023-05-17,170.46,30.15,173.86
2023-05-18,172.79,31.65,176.89
2023-05-19,172.9,31.24,180.14
2023-05-22,171.95,31.15,188.87
2023-05-23,169.34,30.66,185.77
2023-05-24,169.62,30.51,182.9
2023-05-25,170.76,37.95,184.47
2023-05-26,173.16,38.91,193.17
2023-05-30,175.01,40.08,201.16
2023-05-31,174.96,37.8,203.93
2023-06-01,177.76,39.74,207.52
2023-06-02,178.61,39.29,213.97
2023-06-05,177.26,39.14,217.61
2023-06-06,176.9,38.62,221.31
2023-06-07,175.52,37.45,224.57
2023-06-08,178.24,38.48,234.86
2023-06-09,178.62,38.74,244.4
2023-06-12,181.42,39.45,249.83
2023-06-13,180.94,40.99,258.71
2023-06-14,181.57,42.97,256.79
2023-06-15,183.61,42.62,255.9
2023-06-16,182.53,42.66,260.54
2023-06-20,182.62,43.78,274.45
2023-06-21,181.58,43.01,259.46
2023-06-22,184.58,42.99,264.61
2023-06-23,184.27,42.18,256.6
2023-06-26,182.88,40.6,241.05
2023-06-27,185.63,41.85,250.21
2023-06-28,186.81,41.09,256.24
2023-06-29,187.14,40.79,257.5
2023-06-30,191.46,42.27,261.77
2023-07-03,189.97,42.38,279.82
2023-07-05,188.86,42.29,282.48
2023-07-06,189.33,42.07,276.54
2023-07-07,188.22,42.47,274.43
2023-07-10,186.17,42.15,269.61
2023-07-11,185.65,42.37,269.79
2023-07-12,187.32,43.87,271.99
2023-07-13,188.08,45.94,277.9
2023-07-14,188.23,45.44,281.38
2023-07-17,191.48,46.43,290.38
2023-07-18,191.23,47.46,293.34
2023-07-19,192.58,47.04,291.26
2023-07-20,190.64,45.49,262.9
2023-07-21,189.46,44.28,260.02
2023-07-24,190.26,44.58,269.06
2023-07-25,191.12,45.65,265.28
2023-07-26,191.99,45.42,264.35
2023-07-27,190.72,45.87,255.71
2023-07-28,193.3,46.72,266.44
2023-07-31,193.91,46.7,267.43
2023-08-01,193.08,46.47,261.07
2023-08-02,190.09,44.24,254.11
2023-08-03,188.7,44.48,259.32
2023-08-04,179.64,44.65,253.86
2023-08-07,176.54,45.38,251.45
2023-08-08,177.48,44.63,249.7
2023-08-09,175.89,42.52,242.19
2023-08-10,175.67,42.36,245.34
2023-08-11,175.73,40.83,242.65
2023-08-14,177.38,43.72,239.76
2023-08-15,175.39,43.91,232.96
2023-08-16,174.52,43.45,225.6
2023-08-17,171.98,43.31,219.22
2023-08-18,172.47,43.27,215.49
2023-08-21,173.8,46.93,231.28
2023-08-22,175.18,45.63,233.19
2023-08-23,179.02,47.08,236.86
2023-08-24,174.34,47.13,230.04
2023-08-25,176.54,45.98,238.59
2023-08-28,178.1,46.8,238.82
2023-08-29,181.99,48.75,257.18
2023-08-30,185.48,49.23,256.9
2023-08-31,185.69,49.32,258.08
2023-09-01,187.27,48.47,245.01
2023-09-05,187.5,48.51,256.49
2023-09-06,180.79,47.03,251.92
2023-09-07,175.5,46.21,251.49
2023-09-08,176.12,45.54,248.5
2023-09-11,177.28,45.15,273.58
2023-09-12,174.26,44.84,267.48
2023-09-13,172.19,45.46,271.3
2023-09-14,173.7,45.55,276.04
2023-09-15,172.98,43.87,274.39
2023-09-18,175.91,43.94,265.28
2023-09-19,177.0,43.49,266.5
2023-09-20,173.46,42.21,262.59
2023-09-21,171.92,40.99,255.7
2023-09-22,172.77,41.58,244.88
2023-09-25,174.04,42.19,246.99
2023-09-26,169.97,41.88,244.12
2023-09-27,168.46,42.44,240.5
2023-09-28,168.71,43.06,246.38
2023-09-29,169.23,43.47,250.22
2023-10-02,171.74,44.75,251.6
2023-10-03,170.4,43.49,246.53
2023-10-04,171.65,44.01,261.16
2023-10-05,172.88,44.66,260.05
2023-10-06,175.43,45.73,260.53
2023-10-09,176.92,45.24,259.67
2023-10-10,176.32,45.77,263.62
2023-10-11,177.72,46.78,262.99
2023-10-12,178.62,46.91,258.87
2023-10-13,176.78,45.43,251.12
2023-10-16,176.65,46.07,253.92
2023-10-17,175.1,43.91,254.85
2023-10-18,173.8,42.17,242.68
2023-10-19,173.43,42.07,220.11
2023-10-20,170.88,41.36,211.99
2023-10-23,171.0,42.95,212.08
2023-10-24,171.43,43.63,216.52
2023-10-25,169.12,41.75,212.42
2023-10-26,164.96,40.3,205.76
2023-10-27,166.27,40.47,207.3
2023-10-30,168.32,41.13,197.36
2023-10-31,168.79,40.75,200.84
2023-11-01,171.95,42.3,205.66
2023-11-02,175.51,43.48,218.51
2023-11-03,174.6,44.98,219.96
2023-11-06,177.15,45.72,219.27
2023-11-07,179.71,45.93,222.18
2023-11-08,180.77,46.54,222.11
2023-11-09,180.3,46.92,209.98
2023-11-10,184.48,48.3,214.65
2023-11-13,182.9,48.59,223.71
2023-11-14,185.51,49.62,237.41
2023-11-15,186.08,48.86,242.84
2023-11-16,187.76,49.45,233.59
2023-11-17,187.74,49.27,234.3
2023-11-20,189.48,50.38,235.6
2023-11-21,188.68,49.91,241.2
2023-11-22,189.34,48.68,234.21
2023-11-24,188.02,47.75,235.45
2023-11-27,187.84,48.21,236.08
2023-11-28,188.44,47.79,246.72
2023-11-29,187.42,48.11,244.14
2023-11-30,188.0,46.74,240.08
2023-12-01,189.27,46.73,238.83
2023-12-04,187.48,45.48,235.58
2023-12-05,191.43,46.54,238.72
2023-12-06,190.34,45.48,239.37
2023-12-07,192.27,46.57,242.64
2023-12-08,193.7,47.48,243.84
2023-12-11,191.19,46.6,239.74
2023-12-12,192.71,47.63,237.01
2023-12-13,195.92,48.06,239.29
2023-12-14,196.07,48.32,251.05
2023-12-15,195.54,48.86,253.5
2023-12-18,193.88,50.05,252.08
2023-12-19,194.92,49.58,257.22
2023-12-20,192.83,48.08,247.14
2023-12-21,192.68,48.96,254.5
2023-12-22,191.61,48.8,252.54
2023-12-26,191.07,49.25,256.61
2023-12-27,191.16,49.39,261.44
2023-12-28,191.59,49.49,253.18
2023-12-29,190.55,49.49,248.48
2024-01-02,183.73,48.14,248.42
2024-01-03,182.36,47.54,238.45
2024-01-04,180.04,47.97,237.93
2024-01-05,179.32,49.07,237.49
2024-01-08,183.65,52.22,240.45
2024-01-09,183.24,53.11,234.96
2024-01-10,184.28,54.32,233.94
2024-01-11,183.68,54.79,227.22
2024-01-12,184.01,54.68,218.89
2024-01-16,181.74,56.35,219.91
2024-01-17,180.8,56.02,215.55
2024-01-18,186.69,57.08,211.88
2024-01-19,189.59,59.46,212.19
2024-01-22,191.9,59.62,208.8
2024-01-23,193.17,59.84,209.14
2024-01-24,192.5,61.33,207.83
2024-01-25,192.17,61.58,182.63
2024-01-26,190.44,61.0,183.25
2024-01-29,189.76,62.43,190.93
2024-01-30,186.11,62.74,191.59
2024-01-31,182.5,61.49,187.29
2024-02-01,184.94,62.99,188.86
2024-02-02,183.94,66.12,187.91
2024-02-05,185.75,69.29,181.06
2024-02-06,187.35,68.19,185.1
2024-02-07,187.46,70.06,187.58
2024-02-08,186.38,69.6,189.56
2024-02-09,187.15,72.09,193.57
2024-02-12,185.46,72.21,188.13
2024-02-13,183.37,72.09,184.02
2024-02-14,182.49,73.86,188.71
2024-02-15,182.2,72.62,200.45
2024-02-16,180.67,72.57,199.95
2024-02-20,179.92,69.41,193.76
2024-02-21,180.68,67.43,194.77
2024-02-22,182.71,78.49,197.41
2024-02-23,180.87,78.77,191.97
2024-02-26,179.53,79.05,199.4
2024-02-27,180.98,78.66,199.73
2024-02-28,179.78,77.62,202.04
2024-02-29,179.12,79.07,201.88
2024-03-01,178.04,82.23,202.64
2024-03-04,173.52,85.19,188.14
2024-03-05,168.59,85.92,180.74
2024-03-06,167.59,88.65,176.54
2024-03-07,167.48,92.62,178.65
2024-03-08,169.19,87.48,175.34
2024-03-11,171.19,85.73,177.77
2024-03-12,171.67,91.87,177.54
2024-03-13,169.59,90.84,169.48
2024-03-14,171.44,87.9,162.5
2024-03-15,171.06,87.79,163.57
2024-03-18,172.15,88.41,173.8
2024-03-19,174.49,89.35,171.32
2024-03-20,177.06,90.33,175.66
2024-03-21,169.82,91.39,172.82
2024-03-22,170.73,94.24,170.83
2024-03-25,169.31,94.95,172.63
2024-03-26,168.18,92.51,177.67
2024-03-27,171.75,90.2,179.83
2024-03-28,169.93,90.31,175.79
2024-04-01,168.5,90.32,175.22
2024-04-02,167.32,89.41,166.63
2024-04-03,168.12,88.92,168.38
2024-04-04,167.3,85.86,171.11
2024-04-05,168.05,87.96,164.9
2024-04-08,166.93,87.09,172.98
2024-04-09,168.14,85.31,176.88
2024-04-10,166.27,86.99,171.76
2024-04-11,173.46,90.57,174.6
2024-04-12,174.96,88.14,171.05
2024-04-15,171.13,85.96,161.48
2024-04-16,167.85,87.37,157.11
2024-04-17,166.48,83.99,155.45
2024-04-18,165.53,84.63,149.93
2024-04-19,163.51,76.16,147.05
2024-04-22,164.34,79.48,142.05
2024-04-23,165.39,82.38,144.68
2024-04-24,167.5,79.64,162.13
2024-04-25,168.36,82.59,170.18
2024-04-26,167.77,87.69,168.29
2024-04-29,171.94,87.71,194.05
2024-04-30,168.79,86.36,183.28
2024-05-01,167.77,83.0,179.99
2024-05-02,171.47,85.77,180.01
2024-05-03,181.73,88.74,181.19
2024-05-06,180.07,92.09,184.76
2024-05-07,180.75,90.51,177.81
2024-05-08,181.09,90.37,174.72
2024-05-09,182.91,88.7,171.97
2024-05-10,181.65,89.83,168.47
2024-05-13,184.85,90.35,171.89
2024-05-14,185.99,91.31,177.55
2024-05-15,188.26,94.58,173.99
2024-05-16,188.38,94.31,174.84
2024-05-17,188.41,92.43,177.46
2024-05-20,189.57,94.73,174.95
2024-05-21,190.87,95.34,186.6
2024-05-22,189.43,94.9,180.11
2024-05-23,185.45,103.75,173.74
2024-05-24,188.52,106.41,179.24
2024-05-28,188.53,113.84,176.75
2024-05-29,188.83,114.77,176.19
2024-05-30,189.82,110.44,178.79
2024-05-31,190.77,109.58,178.08
2024-06-03,192.54,114.94,176.29
2024-06-04,192.86,116.38,174.77
2024-06-05,194.37,122.38,175.0
2024-06-06,192.99,120.94,177.94
2024-06-07,195.38,120.83,177.48
2024-06-10,191.64,121.73,173.79
2024-06-11,205.56,120.86,170.66
2024-06-12,211.43,125.15,177.29
2024-06-13,212.6,129.55,182.47
2024-06-14,210.86,131.82,178.01
2024-06-17,215.01,130.92,187.44
2024-06-18,212.65,135.52,184.86
2024-06-20,208.07,130.72,181.57
2024-06-21,205.9,126.52,183.01
2024-06-24,206.54,118.06,182.58
2024-06-25,207.47,126.04,187.35
2024-06-26,211.61,126.35,196.37
2024-06-27,212.46,123.94,197.42
2024-06-28,209.0,123.49,197.88
2024-07-01,215.09,124.25,209.86
2024-07-02,218.58,122.62,231.26
2024-07-03,219.85,128.23,246.39
2024-07-05,224.6,125.78,251.52
2024-07-08,226.07,128.15,252.94
2024-07-09,226.92,131.32,262.33
2024-07-10,231.19,134.85,263.26
2024-07-11,225.82,127.35,241.03
2024-07-12,228.77,129.18,248.23
2024-07-15,232.6,128.39,252.64
2024-07-16,233.02,126.31,256.56
2024-07-17,227.12,117.94,248.5
2024-07-18,222.46,121.04,249.23
2024-07-19,222.59,117.88,239.2
2024-07-22,222.24,123.49,251.51
2024-07-23,223.28,122.54,246.38
2024-07-24,216.86,114.2,215.99
2024-07-25,215.82,112.23,220.25
2024-07-26,216.29,113.01,219.8
2024-07-29,216.57,111.54,232.1
2024-07-30,217.12,103.69,222.62
2024-07-31,220.38,116.97,232.07
2024-08-01,216.68,109.16,216.86
2024-08-02,218.17,107.22,207.67
2024-08-05,207.66,100.41,198.88
2024-08-06,205.64,104.21,200.64
2024-08-07,208.21,98.87,191.76
2024-08-08,211.67,104.93,198.84
2024-08-09,214.58,104.71,200.0
2024-08-12,216.11,108.97,197.49
2024-08-13,219.83,116.09,207.83
2024-08-14,220.27,118.03,201.38
2024-08-15,223.25,122.81,214.14
2024-08-16,224.57,124.53,216.12
2024-08-19,224.42,129.94,222.72
2024-08-20,225.03,127.2,221.1
2024-08-21,224.92,128.45,223.27
2024-08-22,223.06,123.69,210.66
2024-08-23,225.36,129.31,220.32
2024-08-26,225.7,126.41,213.21
2024-08-27,226.54,128.25,209.21
2024-08-28,225.01,125.56,205.75
2024-08-29,228.29,117.54,206.28
2024-08-30,227.51,119.32,214.11
2024-09-03,221.32,107.95,210.6
2024-09-04,219.41,106.16,219.41
2024-09-05,220.93,107.16,230.17
2024-09-06,219.38,102.79,210.73
2024-09-09,219.47,106.42,216.27
2024-09-10,218.67,108.05,226.17
2024-09-11,221.21,116.86,228.13
2024-09-12,221.32,119.1,229.81
2024-09-13,221.05,119.06,230.29
2024-09-16,214.91,116.74,226.78
2024-09-17,215.38,115.55,227.87
2024-09-18,219.25,113.33,227.2
2024-09-19,227.38,117.83,243.92
2024-09-20,226.71,115.96,238.25
2024-09-23,224.99,116.22,250.0
2024-09-24,225.89,120.83,254.27
2024-09-25,224.89,123.47,257.02
2024-09-26,226.04,124.0,254.22
2024-09-27,226.3,121.36,260.46
2024-09-30,231.48,121.4,261.63
2024-10-01,224.73,116.96,258.02
2024-10-02,225.3,118.81,249.02
2024-10-03,224.2,122.81,240.66
2024-10-04,225.32,124.88,250.08
2024-10-07,220.24,127.68,240.83
2024-10-08,224.3,132.84,244.5
2024-10-09,228.04,132.6,241.05
2024-10-10,227.55,134.76,238.77
2024-10-11,226.07,134.75,217.8
2024-10-14,229.79,138.02,219.16
2024-10-15,232.32,131.55,219.57
2024-10-16,230.27,135.67,221.33
2024-10-17,230.63,136.88,220.89
2024-10-18,233.47,137.95,220.7
2024-10-21,234.94,143.66,218.85
2024-10-22,234.32,143.54,217.97
2024-10-23,229.25,139.51,213.65
2024-10-24,229.07,140.36,260.48
2024-10-25,229.9,141.49,269.19
2024-10-28,231.88,140.47,262.51
2024-10-29,232.15,141.2,259.52
2024-10-30,228.6,139.29,257.55
2024-10-31,224.44,132.71,249.85
2024-11-01,221.46,135.35,248.98
2024-11-04,220.56,136.0,242.84
2024-11-05,221.99,139.86,251.44
2024-11-06,221.27,145.56,288.53
2024-11-07,226.0,148.83,296.91
2024-11-08,225.73,147.58,321.22
2024-11-11,223.01,145.21,350.0
2024-11-12,223.01,148.24,328.49
2024-11-13,223.9,146.22,330.24
2024-11-14,226.98,146.71,311.18
2024-11-15,223.78,141.93,320.72
2024-11-18,226.78,140.1,338.74
2024-11-19,227.04,146.96,346.0
2024-11-20,227.76,145.84,342.03
2024-11-21,227.28,146.62,339.64
2024-11-22,228.62,141.9,352.56
2024-11-25,231.6,135.97,338.59
2024-11-26,233.78,136.87,338.23
2024-11-27,233.65,135.29,332.89
2024-11-29,236.04,138.2,345.16
2024-12-02,238.29,138.58,357.09
2024-12-03,241.33,140.21,351.42
2024-12-04,241.69,145.09,357.93
2024-12-05,241.72,145.02,369.49
2024-12-06,241.52,142.4,389.22
2024-12-09,245.41,138.77,389.79
2024-12-10,246.42,135.03,400.99
2024-12-11,245.15,139.27,424.77
2024-12-12,246.61,137.3,418.1
2024-12-13,246.78,134.21,436.23
2024-12-16,249.68,131.96,463.02
2024-12-17,252.1,130.35,479.86
2024-12-18,246.7,128.87,440.13
2024-12-19,248.43,130.64,436.17
2024-12-20,253.11,134.66,421.06
2024-12-23,253.88,139.63,430.6
2024-12-24,256.8,140.18,462.28
2024-12-26,257.61,139.89,454.13
2024-12-27,254.2,136.97,431.66
2024-12-30,250.83,137.45,417.41
2024-12-31,249.06,134.25,403.84
2025-01-02,242.53,138.27,379.28
2025-01-03,242.04,144.43,410.44
2025-01-06,243.67,149.39,411.05
2025-01-07,240.89,140.1,394.36
2025-01-08,241.38,140.07,394.94
2025-01-10,235.56,135.87,394.74
2025-01-13,233.13,133.19,403.31
2025-01-14,232.01,131.72,396.36
2025-01-15,236.58,136.2,428.22
2025-01-16,227.02,133.53,413.82
2025-01-17,228.73,137.67,426.5
2025-01-21,221.43,140.79,424.07
2025-01-22,222.61,147.03,415.11
2025-01-23,222.44,147.18,412.38
2025-01-24,221.57,142.58,406.58
2025-01-27,228.61,118.39,397.15
2025-01-28,236.97,128.95,398.09
2025-01-29,238.06,123.67,389.1
2025-01-30,236.3,124.62,400.28
2025-01-31,234.72,120.04,404.6
2025-02-03,226.77,116.63,383.68
2025-02-04,231.54,118.62,392.21
2025-02-05,231.21,124.8,378.17
2025-02-06,231.95,128.64,374.32
2025-02-07,226.39,129.8,361.62
2025-02-10,226.66,133.53,350.73
2025-02-11,231.61,132.76,328.5
2025-02-12,235.84,131.1,336.51
2025-02-13,240.48,135.25,355.94
2025-02-14,243.54,138.81,355.84
2025-02-18,243.41,139.36,354.11
2025-02-19,243.81,139.19,360.56
2025-02-20,244.76,140.07,354.4
2025-02-21,244.48,134.39,337.8
2025-02-24,246.03,130.24,330.53
2025-02-25,245.97,126.6,302.8
2025-02-26,239.32,131.24,290.8
2025-02-27,236.27,120.12,281.95
2025-02-28,240.79,124.89,292.98
2025-03-03,237.0,114.03,284.65
2025-03-04,234.91,115.96,272.04
2025-03-05,234.72,117.27,279.1
2025-03-06,234.31,110.54,263.45
2025-03-07,238.03,112.66,262.67
2025-03-10,226.49,106.95,222.15
2025-03-11,219.88,108.73,230.58
2025-03-12,216.04,115.72,248.09
2025-03-13,208.77,115.56,240.68
2025-03-14,212.56,121.65,249.98
2025-03-17,213.07,119.51,238.01
2025-03-18,211.77,115.41,225.31
2025-03-19,214.31,117.5,235.86
2025-03-20,213.17,118.51,236.26
2025-03-21,217.32,117.68,248.71
2025-03-24,219.77,121.39,278.39
2025-03-25,222.78,120.67,288.14
2025-03-26,220.57,113.74,272.06
2025-03-27,222.88,111.41,273.13
2025-03-28,216.95,109.65,263.55
2025-03-31,221.17,108.36,259.16
2025-04-01,222.22,110.13,268.46
2025-04-02,222.92,110.4,282.76
2025-04-03,202.31,101.78,267.28
2025-04-04,187.56,94.29,239.43
2025-04-07,180.67,97.62,233.29
2025-04-08,171.67,96.28,221.86
2025-04-09,197.99,114.31,272.2
2025-04-10,189.59,107.55,252.4
2025-04-11,197.29,110.91,252.31
2025-04-14,201.64,110.69,252.35
2025-04-15,201.26,112.18,254.11
2025-04-16,193.43,104.47,241.55
2025-04-17,196.13,101.47,241.37
2025-04-21,192.32,96.89,227.5
2025-04-22,198.87,98.87,237.97
2025-04-23,203.71,102.69,250.74
2025-04-24,207.47,106.41,259.51
2025-04-25,208.37,110.99,284.95
2025-04-28,209.23,108.71,285.88
2025-04-29,210.29,109.0,292.03
2025-04-30,211.58,108.9,282.16
2025-05-01,212.39,111.59,280.52
2025-05-02,204.46,114.48,287.21
2025-05-05,198.03,113.8,280.26
2025-05-06,197.65,113.52,275.35
2025-05-07,195.4,117.04,276.22
2025-05-08,196.63,117.35,284.82
2025-05-09,197.67,116.63,298.26
2025-05-12,210.15,122.98,318.38
2025-05-13,212.28,129.91,334.07
2025-05-14,211.69,135.32,347.68
2025-05-15,210.81,134.81,342.82
2025-05-16,210.62,135.38,349.98
2025-05-19,208.15,135.55,342.09
2025-05-20,206.23,134.36,343.82
2025-05-21,201.48,131.78,334.62
2025-05-22,200.75,132.81,341.04
2025-05-23,194.68,131.27,339.34
2025-05-27,199.6,135.48,362.89
2025-05-28,199.81,134.79,356.9
2025-05-29,199.34,139.16,358.43
2025-05-30,200.24,135.11,346.46
2025-06-02,201.09,137.36,342.69
2025-06-03,202.65,141.19,344.27
2025-06-04,202.2,141.89,332.05
2025-06-05,200.02,139.96,284.7
2025-06-06,203.3,141.69,295.14
2025-06-09,200.84,142.6,308.58
2025-06-10,202.06,143.93,326.09
2025-06-11,198.18,142.81,326.43
2025-06-12,198.6,144.98,319.11
2025-06-13,195.85,141.95,325.31
2025-06-16,197.82,144.67,329.13
2025-06-17,195.05,144.1,316.35
2025-06-18,195.98,145.46,322.05
2025-06-20,200.39,143.83,322.16
2025-06-23,200.89,144.15,348.68
2025-06-24,199.69,147.88,340.47
2025-06-25,200.95,154.29,327.55
2025-06-26,200.39,155.0,325.78
2025-06-27,200.47,157.73,323.63
2025-06-30,204.55,157.97,317.66
2025-07-01,207.19,153.28,300.71
2025-07-02,211.8,157.23,315.65
2025-07-03,212.9,159.32,315.35
2025-07-07,209.31,158.22,293.94
2025-07-08,209.37,159.98,297.81
2025-07-09,210.5,162.86,295.88
2025-07-10,211.77,164.08,309.87
2025-07-11,210.52,164.9,313.51
2025-07-14,207.99,164.05,316.9
2025-07-15,208.48,170.68,310.78
2025-07-16,209.52,171.35,321.67
2025-07-17,209.38,172.98,319.41
2025-07-18,210.54,172.39,329.65
2025-07-21,211.84,171.36,328.49
2025-07-22,213.75,167.01,332.11
2025-07-23,213.5,170.76,332.56
2025-07-24,213.11,173.72,305.3
2025-07-25,213.23,173.48,316.06
2025-07-28,213.4,176.73,325.59
2025-07-29,210.63,175.49,321.2
2025-07-30,208.42,179.25,319.04
2025-07-31,206.94,177.85,308.27
2025-08-01,201.77,173.7,302.63
2025-08-04,202.73,179.98,309.26
2025-08-05,202.3,178.24,308.72
2025-08-06,212.6,179.4,319.91
2025-08-07,219.36,180.75,322.27
2025-08-08,228.65,182.68,329.65
2025-08-11,226.75,182.04,339.03
2025-08-12,229.21,183.14,340.84
2025-08-13,232.89,181.57,339.38
2025-08-14,232.34,182.0,335.58
2025-08-15,231.15,180.43,330.56
2025-08-18,230.45,181.99,335.16
2025-08-19,230.12,175.62,329.31
2025-08-20,225.58,175.38,323.9
2025-08-21,224.47,174.96,320.11
2025-08-22,227.33,177.97,340.01
2025-08-25,226.73,179.79,346.6
2025-08-26,228.87,181.75,351.67
2025-08-27,230.05,181.58,349.6
2025-08-28,232.12,180.15,345.98
2025-08-29,231.7,174.16,333.87
2025-09-02,229.28,170.76,329.36
2025-09-03,238.02,170.6,334.09
2025-09-04,239.32,171.64,338.53
2025-09-05,239.23,167.0,350.84
2025-09-08,237.43,168.29,346.4
2025-09-09,233.9,170.74,346.97
2025-09-10,226.36,177.31,347.79
2025-09-11,229.59,177.16,368.81
2025-09-12,233.62,177.81,395.94
2025-09-15,236.25,177.74,410.04
2025-09-16,237.7,174.87,421.62
2025-09-17,238.54,170.28,425.86
2025-09-18,237.43,176.23,416.85
2025-09-19,245.03,176.66,426.07
2025-09-22,255.59,183.6,434.21
2025-09-23,253.95,178.42,425.85
2025-09-24,251.83,176.96,442.79
2025-09-25,256.38,177.68,423.39
2025-09-26,254.97,178.18,440.4
2025-09-29,253.95,181.84,443.21
2025-09-30,254.15,186.57,444.72
2025-10-01,254.96,187.23,459.46
2025-10-02,256.64,188.88,436.0
2025-10-03,257.53,187.61,429.83
2025-10-06,256.2,185.53,453.25
2025-10-07,255.99,185.03,433.09
2025-10-08,257.57,189.1,438.69
2025-10-09,253.56,192.56,435.54
2025-10-10,244.8,183.15,413.49
2025-10-13,247.19,188.31,435.9
2025-10-14,247.3,180.02,429.24
2025-10-15,248.87,179.82,435.15
2025-10-16,246.98,181.8,428.75
2025-10-17,251.81,183.21,439.31
2025-10-20,261.74,182.63,447.43
2025-10-21,262.27,181.15,442.6
2025-10-22,257.96,180.27,438.97
2025-10-23,259.09,182.15,448.98
2025-10-24,262.32,186.25,433.72
2025-10-27,268.3,191.48,452.42
2025-10-28,268.49,201.02,460.55
2025-10-29,269.19,207.03,461.51
2025-10-30,270.88,202.88,440.1
2025-10-31,269.86,202.48,456.56
2025-11-03,268.54,206.87,468.37
2025-11-04,269.53,198.68,444.26
2025-11-05,269.63,195.2,462.07
2025-11-06,269.26,188.07,445.91
2025-11-07,267.96,188.14,429.52
2025-11-10,269.18,199.04,445.23
2025-11-11,274.99,193.15,439.62
2025-11-12,273.21,193.79,430.6
2025-11-13,272.69,186.85,401.99
2025-11-14,272.16,190.16,404.35
2025-11-17,267.21,186.59,408.92
2025-11-18,267.19,181.35,401.25
2025-11-19,268.31,186.51,403.99
2025-11-20,266.0,180.63,395.23
2025-11-21,271.24,178.87,391.09
2025-11-24,275.66,182.54,417.78
2025-11-25,276.71,177.81,419.4
2025-11-26,277.29,180.25,426.58
2025-11-28,278.59,176.99,430.17
2025-12-01,282.84,179.91,430.14
2025-12-02,285.92,181.45,429.24
2025-12-03,283.88,179.58,446.74
2025-12-04,280.44,183.38,454.53
2025-12-05,278.52,182.41,455.0
2025-12-08,277.63,185.55,439.58
2025-12-09,276.92,184.97,445.17
2025-12-10,278.52,183.78,451.45
2025-12-11,277.77,180.93,446.89
2025-12-12,278.02,175.02,458.96
2025-12-15,273.85,176.29,475.31
2025-12-16,274.35,177.72,489.88
2025-12-17,271.59,170.94,467.26
2025-12-18,271.94,174.14,483.37
2025-12-19,273.41,180.99,481.2
2025-12-22,270.72,183.69,488.73
2025-12-23,272.11,189.21,485.56
2025-12-24,273.55,188.61,485.4
2025-12-26,273.14,190.53,475.19
2025-12-29,273.5,188.22,459.64
2025-12-30,272.82,187.54,454.43
2025-12-31,271.61,186.5,449.72
2026-01-02,270.76,188.85,438.07
2026-01-05,267.01,188.12,451.67
2026-01-06,262.11,187.24,432.96
2026-01-07,260.09,189.11,431.41
2026-01-08,258.8,185.04,435.8
2026-01-09,259.13,184.86,445.01
2026-01-12,260.01,184.94,448.96
2026-01-13,260.81,185.81,447.2
2026-01-14,259.72,183.14,439.2
2026-01-15,257.97,187.05,438.57
2026-01-16,255.29,186.23,437.5
2026-01-20,246.47,178.07,419.25
2026-01-21,247.42,183.32,431.44
2026-01-22,248.12,184.84,449.36
2026-01-23,247.81,187.67,449.06
2026-01-26,255.17,186.47,435.2
2026-01-27,258.03,188.52,430.9
2026-01-28,256.2,191.52,431.46
2026-01-29,258.04,192.51,416.56
2026-01-30,259.24,191.13,430.41
2026-02-02,269.76,185.61,421.81
2026-02-03,269.23,180.34,421.96
2026-02-04,276.23,174.19,406.01
2026-02-05,275.65,171.88,397.21
2026-02-06,277.86,185.41,411.11
2026-02-09,274.62,190.04,417.32
2026-02-10,273.68,188.54,425.21
2026-02-11,275.5,190.05,428.27
2026-02-12,261.73,186.94,417.07
2026-02-13,255.78,182.81,417.44
2026-02-17,263.88,184.97,410.63
2026-02-18,264.35,187.98,411.32
2026-02-19,260.58,187.9,411.71
2026-02-20,264.58,189.82,411.82
2026-02-23,266.18,191.55,399.83
2026-02-24,272.14,192.85,409.38
2026-02-25,274.23,195.56,417.4
2026-02-26,272.95,184.89,408.58
2026-02-27,264.18,177.19,402.51
2026-03-02,264.72,182.48,403.32
2026-03-03,263.75,180.05,392.43
